Participant,Sex,Age,Conds,Violence
01,Male,7,Aggression,22
02,Male,6,Aggression,24
03,Male,6,Aggression,25
04,Male,13,Aggression,26
05,Male,11,Aggression,24
06,Male,9,Aggression,28
07,Male,5,Aggression,24
08,Male,6,Aggression,26
09,Male,8,Aggression,26
10,Male,10,Aggression,25
11,Male,5,Aggression,27
12,Male,3,Aggression,26
13,Male,5,Aggression,23
14,Male,9,Aggression,21
15,Male,9,Aggression,29
16,Male,9,Aggression,24
17,Male,8,Aggression,25
18,Male,8,Aggression,26
19,Male,7,Aggression,25
20,Male,10,Aggression,23
21,Female,5,Aggression,9
22,Female,9,Aggression,10
23,Female,6,Aggression,13
24,Female,7,Aggression,8
25,Female,9,Aggression,12
26,Female,10,Aggression,11
27,Female,6,Aggression,10
28,Female,11,Aggression,8
29,Female,9,Aggression,9
30,Female,8,Aggression,10
31,Female,8,Aggression,7
32,Female,8,Aggression,10
33,Female,7,Aggression,8
34,Female,8,Aggression,10
35,Female,8,Aggression,11
36,Female,10,Aggression,8
37,Female,11,Aggression,9
38,Female,9,Aggression,11
39,Female,8,Aggression,6
40,Female,9,Aggression,12
41,Male,8,Control,13
42,Male,6,Control,14
43,Male,10,Control,15
44,Male,9,Control,14
45,Male,8,Control,16
46,Male,9,Control,16
47,Male,9,Control,13
48,Male,6,Control,15
49,Male,8,Control,11
50,Male,8,Control,17
51,Male,7,Control,14
52,Male,11,Control,13
53,Male,6,Control,14
54,Male,7,Control,12
55,Male,7,Control,15
56,Male,6,Control,14
57,Male,8,Control,19
58,Male,7,Control,17
59,Male,11,Control,10
60,Male,8,Control,16
61,Female,6,Control,13
62,Female,11,Control,10
63,Female,10,Control,7
64,Female,8,Control,9
65,Female,5,Control,6
66,Female,7,Control,12
67,Female,8,Control,10
68,Female,9,Control,10
69,Female,7,Control,6
70,Female,9,Control,9
71,Female,9,Control,7
72,Female,5,Control,7
73,Female,6,Control,7
74,Female,7,Control,6
75,Female,7,Control,6
76,Female,7,Control,8
77,Female,8,Control,5
78,Female,2,Control,9
79,Female,7,Control,8
80,Female,10,Control,9
